name,search_query,quartz_url,CPID,potential products,potential manufacturers,potential manufacturers google
"Rebar (40,60,75,80 Grade Steel)","Rebar (40,60,75,80 Grade Steel)",http://quartzproject.org/p/CP000,CP000,"https://www.specifiedby.com/search?q=Rebar (40,60,75,80 Grade Steel)","https://www.specifiedby.com/search?q=Rebar (40,60,75,80 Grade Steel)&type=companies&a=0","https://www.google.co.uk/search?q=Rebar (40,60,75,80 Grade Steel) companies&type=companies&a=0"
"Rebar (40,60,75,80 Grade Steel)",Reinforcement Bar,http://quartzproject.org/p/CP000,CP000,https://www.specifiedby.com/search?q=Reinforcement Bar,https://www.specifiedby.com/search?q=Reinforcement Bar&type=companies&a=0,https://www.google.co.uk/search?q=Reinforcement Bar companies&type=companies&a=0
"Rebar (40,60,75,80 Grade Steel)",Concrete Reinforcement,http://quartzproject.org/p/CP000,CP000,https://www.specifiedby.com/search?q=Concrete Reinforcement,https://www.specifiedby.com/search?q=Concrete Reinforcement&type=companies&a=0,https://www.google.co.uk/search?q=Concrete Reinforcement companies&type=companies&a=0
Ready Mixed Concrete (Straight Mix) (NWC 3000-4000psi),Ready Mixed Concrete (Straight Mix) (NWC 3000-4000psi),http://quartzproject.org/p/CP001,CP001,https://www.specifiedby.com/search?q=Ready Mixed Concrete (Straight Mix) (NWC 3000-4000psi),https://www.specifiedby.com/search?q=Ready Mixed Concrete (Straight Mix) (NWC 3000-4000psi)&type=companies&a=0,https://www.google.co.uk/search?q=Ready Mixed Concrete (Straight Mix) (NWC 3000-4000psi) companies&type=companies&a=0
Ready Mixed Concrete (Straight Mix) (NWC 3000-4000psi),Concrete,http://quartzproject.org/p/CP001,CP001,https://www.specifiedby.com/search?q=Concrete,https://www.specifiedby.com/search?q=Concrete&type=companies&a=0,https://www.google.co.uk/search?q=Concrete companies&type=companies&a=0
Ready Mixed Concrete (Straight Mix) (NWC 3000-4000psi),In-situ concrete,http://quartzproject.org/p/CP001,CP001,https://www.specifiedby.com/search?q=In-situ concrete,https://www.specifiedby.com/search?q=In-situ concrete&type=companies&a=0,https://www.google.co.uk/search?q=In-situ concrete companies&type=companies&a=0
Ready Mixed Concrete (Straight Mix) (NWC 3000-4000psi),NWC,http://quartzproject.org/p/CP001,CP001,https://www.specifiedby.com/search?q=NWC,https://www.specifiedby.com/search?q=NWC&type=companies&a=0,https://www.google.co.uk/search?q=NWC companies&type=companies&a=0
Ready Mixed Concrete (Straight Mix) (NWC 3000-4000psi),Ready Mixed,http://quartzproject.org/p/CP001,CP001,https://www.specifiedby.com/search?q=Ready Mixed,https://www.specifiedby.com/search?q=Ready Mixed&type=companies&a=0,https://www.google.co.uk/search?q=Ready Mixed companies&type=companies&a=0
Drywall (Natural Gypsum),Drywall (Natural Gypsum),http://quartzproject.org/p/CP005,CP005,https://www.specifiedby.com/search?q=Drywall (Natural Gypsum),https://www.specifiedby.com/search?q=Drywall (Natural Gypsum)&type=companies&a=0,https://www.google.co.uk/search?q=Drywall (Natural Gypsum) companies&type=companies&a=0
Drywall (Natural Gypsum),Gypsum board,http://quartzproject.org/p/CP005,CP005,https://www.specifiedby.com/search?q=Gypsum board,https://www.specifiedby.com/search?q=Gypsum board&type=companies&a=0,https://www.google.co.uk/search?q=Gypsum board companies&type=companies&a=0
Drywall (Natural Gypsum),Plasterboard,http://quartzproject.org/p/CP005,CP005,https://www.specifiedby.com/search?q=Plasterboard,https://www.specifiedby.com/search?q=Plasterboard&type=companies&a=0,https://www.google.co.uk/search?q=Plasterboard companies&type=companies&a=0
Drywall (Natural Gypsum),Wallboard,http://quartzproject.org/p/CP005,CP005,https://www.specifiedby.com/search?q=Wallboard,https://www.specifiedby.com/search?q=Wallboard&type=companies&a=0,https://www.google.co.uk/search?q=Wallboard companies&type=companies&a=0
Drywall (Natural Gypsum),Gypsum wallboard,http://quartzproject.org/p/CP005,CP005,https://www.specifiedby.com/search?q=Gypsum wallboard,https://www.specifiedby.com/search?q=Gypsum wallboard&type=companies&a=0,https://www.google.co.uk/search?q=Gypsum wallboard companies&type=companies&a=0
Drywall Joint Compound,Drywall Joint Compound,http://quartzproject.org/p/CP006,CP006,https://www.specifiedby.com/search?q=Drywall Joint Compound,https://www.specifiedby.com/search?q=Drywall Joint Compound&type=companies&a=0,https://www.google.co.uk/search?q=Drywall Joint Compound companies&type=companies&a=0
Drywall Joint Compound,Joint compound,http://quartzproject.org/p/CP006,CP006,https://www.specifiedby.com/search?q=Joint compound,https://www.specifiedby.com/search?q=Joint compound&type=companies&a=0,https://www.google.co.uk/search?q=Joint compound companies&type=companies&a=0
Drywall Joint Compound,mud,http://quartzproject.org/p/CP006,CP006,https://www.specifiedby.com/search?q=mud,https://www.specifiedby.com/search?q=mud&type=companies&a=0,https://www.google.co.uk/search?q=mud companies&type=companies&a=0
Drywall Joint Compound,joint cement,http://quartzproject.org/p/CP006,CP006,https://www.specifiedby.com/search?q=joint cement,https://www.specifiedby.com/search?q=joint cement&type=companies&a=0,https://www.google.co.uk/search?q=joint cement companies&type=companies&a=0
Drywall Joint Compound,finishing compound,http://quartzproject.org/p/CP006,CP006,https://www.specifiedby.com/search?q=finishing compound,https://www.specifiedby.com/search?q=finishing compound&type=companies&a=0,https://www.google.co.uk/search?q=finishing compound companies&type=companies&a=0
Hydrophilic Concrete Joint Waterstop,Hydrophilic Concrete Joint Waterstop,http://quartzproject.org/p/CP008,CP008,https://www.specifiedby.com/search?q=Hydrophilic Concrete Joint Waterstop,https://www.specifiedby.com/search?q=Hydrophilic Concrete Joint Waterstop&type=companies&a=0,https://www.google.co.uk/search?q=Hydrophilic Concrete Joint Waterstop companies&type=companies&a=0
Hydrophilic Concrete Joint Waterstop,Bentonite Waterstop,http://quartzproject.org/p/CP008,CP008,https://www.specifiedby.com/search?q=Bentonite Waterstop,https://www.specifiedby.com/search?q=Bentonite Waterstop&type=companies&a=0,https://www.google.co.uk/search?q=Bentonite Waterstop companies&type=companies&a=0
Concrete Sealant,Concrete Sealant,http://quartzproject.org/p/CP009,CP009,https://www.specifiedby.com/search?q=Concrete Sealant,https://www.specifiedby.com/search?q=Concrete Sealant&type=companies&a=0,https://www.google.co.uk/search?q=Concrete Sealant companies&type=companies&a=0
Concrete Sealant,Concrete Waterproofing; Penetrating Sealant,http://quartzproject.org/p/CP009,CP009,https://www.specifiedby.com/search?q=Concrete Waterproofing; Penetrating Sealant,https://www.specifiedby.com/search?q=Concrete Waterproofing; Penetrating Sealant&type=companies&a=0,https://www.google.co.uk/search?q=Concrete Waterproofing; Penetrating Sealant companies&type=companies&a=0
Vapor barrier,Vapor barrier,http://quartzproject.org/p/CP016,CP016,https://www.specifiedby.com/search?q=Vapor barrier,https://www.specifiedby.com/search?q=Vapor barrier&type=companies&a=0,https://www.google.co.uk/search?q=Vapor barrier companies&type=companies&a=0
Vapor barrier,Under Slab Vapor Barrier,http://quartzproject.org/p/CP016,CP016,https://www.specifiedby.com/search?q=Under Slab Vapor Barrier,https://www.specifiedby.com/search?q=Under Slab Vapor Barrier&type=companies&a=0,https://www.google.co.uk/search?q=Under Slab Vapor Barrier companies&type=companies&a=0
Vapor barrier,Vapor Retarder,http://quartzproject.org/p/CP016,CP016,https://www.specifiedby.com/search?q=Vapor Retarder,https://www.specifiedby.com/search?q=Vapor Retarder&type=companies&a=0,https://www.google.co.uk/search?q=Vapor Retarder companies&type=companies&a=0
Structural Steel (I-beams),Structural Steel (I-beams),http://quartzproject.org/p/CP017,CP017,https://www.specifiedby.com/search?q=Structural Steel (I-beams),https://www.specifiedby.com/search?q=Structural Steel (I-beams)&type=companies&a=0,https://www.google.co.uk/search?q=Structural Steel (I-beams) companies&type=companies&a=0
Structural Steel (I-beams),Structural Beams,http://quartzproject.org/p/CP017,CP017,https://www.specifiedby.com/search?q=Structural Beams,https://www.specifiedby.com/search?q=Structural Beams&type=companies&a=0,https://www.google.co.uk/search?q=Structural Beams companies&type=companies&a=0
Structural Steel (I-beams),Structural Steel,http://quartzproject.org/p/CP017,CP017,https://www.specifiedby.com/search?q=Structural Steel,https://www.specifiedby.com/search?q=Structural Steel&type=companies&a=0,https://www.google.co.uk/search?q=Structural Steel companies&type=companies&a=0
Structural Steel (I-beams),I-beams,http://quartzproject.org/p/CP017,CP017,https://www.specifiedby.com/search?q=I-beams,https://www.specifiedby.com/search?q=I-beams&type=companies&a=0,https://www.google.co.uk/search?q=I-beams companies&type=companies&a=0
Structural Steel (I-beams),Steel Columns,http://quartzproject.org/p/CP017,CP017,https://www.specifiedby.com/search?q=Steel Columns,https://www.specifiedby.com/search?q=Steel Columns&type=companies&a=0,https://www.google.co.uk/search?q=Steel Columns companies&type=companies&a=0
Steel Bolt Assembly (General Use),Steel Bolt Assembly (General Use),http://quartzproject.org/p/CP018,CP018,https://www.specifiedby.com/search?q=Steel Bolt Assembly (General Use),https://www.specifiedby.com/search?q=Steel Bolt Assembly (General Use)&type=companies&a=0,https://www.google.co.uk/search?q=Steel Bolt Assembly (General Use) companies&type=companies&a=0
Steel Bolt Assembly (General Use),Steel bolt,http://quartzproject.org/p/CP018,CP018,https://www.specifiedby.com/search?q=Steel bolt,https://www.specifiedby.com/search?q=Steel bolt&type=companies&a=0,https://www.google.co.uk/search?q=Steel bolt companies&type=companies&a=0
Steel Bolt Assembly (General Use),Steel washer,http://quartzproject.org/p/CP018,CP018,https://www.specifiedby.com/search?q=Steel washer,https://www.specifiedby.com/search?q=Steel washer&type=companies&a=0,https://www.google.co.uk/search?q=Steel washer companies&type=companies&a=0
Steel Bolt Assembly (General Use),Steel nut,http://quartzproject.org/p/CP018,CP018,https://www.specifiedby.com/search?q=Steel nut,https://www.specifiedby.com/search?q=Steel nut&type=companies&a=0,https://www.google.co.uk/search?q=Steel nut companies&type=companies&a=0
Steel Bolt Assembly (Structural),Steel Bolt Assembly (Structural),http://quartzproject.org/p/CP019,CP019,https://www.specifiedby.com/search?q=Steel Bolt Assembly (Structural),https://www.specifiedby.com/search?q=Steel Bolt Assembly (Structural)&type=companies&a=0,https://www.google.co.uk/search?q=Steel Bolt Assembly (Structural) companies&type=companies&a=0
Steel Bolt Assembly (Structural),Steel bolts,http://quartzproject.org/p/CP019,CP019,https://www.specifiedby.com/search?q=Steel bolts,https://www.specifiedby.com/search?q=Steel bolts&type=companies&a=0,https://www.google.co.uk/search?q=Steel bolts companies&type=companies&a=0
Steel Bolt Assembly (Structural),Steel washer,http://quartzproject.org/p/CP019,CP019,https://www.specifiedby.com/search?q=Steel washer,https://www.specifiedby.com/search?q=Steel washer&type=companies&a=0,https://www.google.co.uk/search?q=Steel washer companies&type=companies&a=0
Steel Bolt Assembly (Structural),Steel nut,http://quartzproject.org/p/CP019,CP019,https://www.specifiedby.com/search?q=Steel nut,https://www.specifiedby.com/search?q=Steel nut&type=companies&a=0,https://www.google.co.uk/search?q=Steel nut companies&type=companies&a=0
Steel Bolt Assembly (Structural),Fasteners,http://quartzproject.org/p/CP019,CP019,https://www.specifiedby.com/search?q=Fasteners,https://www.specifiedby.com/search?q=Fasteners&type=companies&a=0,https://www.google.co.uk/search?q=Fasteners companies&type=companies&a=0
Thin Film Intumescent Coating,Thin Film Intumescent Coating,http://quartzproject.org/p/CP024,CP024,https://www.specifiedby.com/search?q=Thin Film Intumescent Coating,https://www.specifiedby.com/search?q=Thin Film Intumescent Coating&type=companies&a=0,https://www.google.co.uk/search?q=Thin Film Intumescent Coating companies&type=companies&a=0
Oriented strand board,Oriented strand board,http://quartzproject.org/p/CP025,CP025,https://www.specifiedby.com/search?q=Oriented strand board,https://www.specifiedby.com/search?q=Oriented strand board&type=companies&a=0,https://www.google.co.uk/search?q=Oriented strand board companies&type=companies&a=0
Oriented strand board,OSB,http://quartzproject.org/p/CP025,CP025,https://www.specifiedby.com/search?q=OSB,https://www.specifiedby.com/search?q=OSB&type=companies&a=0,https://www.google.co.uk/search?q=OSB companies&type=companies&a=0
Composite Metal Decking,Composite Metal Decking,http://quartzproject.org/p/CP026,CP026,https://www.specifiedby.com/search?q=Composite Metal Decking,https://www.specifiedby.com/search?q=Composite Metal Decking&type=companies&a=0,https://www.google.co.uk/search?q=Composite Metal Decking companies&type=companies&a=0
Composite Metal Decking,Metal decking,http://quartzproject.org/p/CP026,CP026,https://www.specifiedby.com/search?q=Metal decking,https://www.specifiedby.com/search?q=Metal decking&type=companies&a=0,https://www.google.co.uk/search?q=Metal decking companies&type=companies&a=0
Sub-Floor Smoothing Compound,Sub-Floor Smoothing Compound,http://quartzproject.org/p/CP027,CP027,https://www.specifiedby.com/search?q=Sub-Floor Smoothing Compound,https://www.specifiedby.com/search?q=Sub-Floor Smoothing Compound&type=companies&a=0,https://www.google.co.uk/search?q=Sub-Floor Smoothing Compound companies&type=companies&a=0
Sub-Floor Smoothing Compound,Underlayment,http://quartzproject.org/p/CP027,CP027,https://www.specifiedby.com/search?q=Underlayment,https://www.specifiedby.com/search?q=Underlayment&type=companies&a=0,https://www.google.co.uk/search?q=Underlayment companies&type=companies&a=0
Cementitious Grouting,Cementitious Grouting,http://quartzproject.org/p/CP029,CP029,https://www.specifiedby.com/search?q=Cementitious Grouting,https://www.specifiedby.com/search?q=Cementitious Grouting&type=companies&a=0,https://www.google.co.uk/search?q=Cementitious Grouting companies&type=companies&a=0
Cementitious Grouting,Grouting,http://quartzproject.org/p/CP029,CP029,https://www.specifiedby.com/search?q=Grouting,https://www.specifiedby.com/search?q=Grouting&type=companies&a=0,https://www.google.co.uk/search?q=Grouting companies&type=companies&a=0
Liquid-applied moisture barrier,Liquid-applied moisture barrier,http://quartzproject.org/p/CP030,CP030,https://www.specifiedby.com/search?q=Liquid-applied moisture barrier,https://www.specifiedby.com/search?q=Liquid-applied moisture barrier&type=companies&a=0,https://www.google.co.uk/search?q=Liquid-applied moisture barrier companies&type=companies&a=0
Liquid-applied moisture barrier,Fluid applied moisture barrier,http://quartzproject.org/p/CP030,CP030,https://www.specifiedby.com/search?q=Fluid applied moisture barrier,https://www.specifiedby.com/search?q=Fluid applied moisture barrier&type=companies&a=0,https://www.google.co.uk/search?q=Fluid applied moisture barrier companies&type=companies&a=0
Liquid-applied moisture barrier,fluid applied air/weather barrier,http://quartzproject.org/p/CP030,CP030,https://www.specifiedby.com/search?q=fluid applied air/weather barrier,https://www.specifiedby.com/search?q=fluid applied air/weather barrier&type=companies&a=0,https://www.google.co.uk/search?q=fluid applied air/weather barrier companies&type=companies&a=0
Concrete cork expansion joint,Concrete cork expansion joint,http://quartzproject.org/p/CP031,CP031,https://www.specifiedby.com/search?q=Concrete cork expansion joint,https://www.specifiedby.com/search?q=Concrete cork expansion joint&type=companies&a=0,https://www.google.co.uk/search?q=Concrete cork expansion joint companies&type=companies&a=0
Concrete cork expansion joint,Standard Cork Expansion Joint,http://quartzproject.org/p/CP031,CP031,https://www.specifiedby.com/search?q=Standard Cork Expansion Joint,https://www.specifiedby.com/search?q=Standard Cork Expansion Joint&type=companies&a=0,https://www.google.co.uk/search?q=Standard Cork Expansion Joint companies&type=companies&a=0
Flame retardant polyurethane foam window/door seal,Flame retardant polyurethane foam window/door seal,http://quartzproject.org/p/CP032,CP032,https://www.specifiedby.com/search?q=Flame retardant polyurethane foam window/door seal,https://www.specifiedby.com/search?q=Flame retardant polyurethane foam window/door seal&type=companies&a=0,https://www.google.co.uk/search?q=Flame retardant polyurethane foam window/door seal companies&type=companies&a=0
Flame retardant polyurethane foam window/door seal,FR Polyurethane Foam Sealant Tape,http://quartzproject.org/p/CP032,CP032,https://www.specifiedby.com/search?q=FR Polyurethane Foam Sealant Tape,https://www.specifiedby.com/search?q=FR Polyurethane Foam Sealant Tape&type=companies&a=0,https://www.google.co.uk/search?q=FR Polyurethane Foam Sealant Tape companies&type=companies&a=0
Firestop joint spray,Firestop joint spray,http://quartzproject.org/p/CP033,CP033,https://www.specifiedby.com/search?q=Firestop joint spray,https://www.specifiedby.com/search?q=Firestop joint spray&type=companies&a=0,https://www.google.co.uk/search?q=Firestop joint spray companies&type=companies&a=0
Firestop joint spray,Sprayable Fire-Rated Mastic,http://quartzproject.org/p/CP033,CP033,https://www.specifiedby.com/search?q=Sprayable Fire-Rated Mastic,https://www.specifiedby.com/search?q=Sprayable Fire-Rated Mastic&type=companies&a=0,https://www.google.co.uk/search?q=Sprayable Fire-Rated Mastic companies&type=companies&a=0
Firestop joint spray,Elastomeric Firestop Spray,http://quartzproject.org/p/CP033,CP033,https://www.specifiedby.com/search?q=Elastomeric Firestop Spray,https://www.specifiedby.com/search?q=Elastomeric Firestop Spray&type=companies&a=0,https://www.google.co.uk/search?q=Elastomeric Firestop Spray companies&type=companies&a=0
Firestop joint spray,Acrylic Firestop Spray,http://quartzproject.org/p/CP033,CP033,https://www.specifiedby.com/search?q=Acrylic Firestop Spray,https://www.specifiedby.com/search?q=Acrylic Firestop Spray&type=companies&a=0,https://www.google.co.uk/search?q=Acrylic Firestop Spray companies&type=companies&a=0
XPS Insulation (extruded polystyrene),XPS Insulation (extruded polystyrene),http://quartzproject.org/p/CP036,CP036,https://www.specifiedby.com/search?q=XPS Insulation (extruded polystyrene),https://www.specifiedby.com/search?q=XPS Insulation (extruded polystyrene)&type=companies&a=0,https://www.google.co.uk/search?q=XPS Insulation (extruded polystyrene) companies&type=companies&a=0
XPS Insulation (extruded polystyrene),XPS,http://quartzproject.org/p/CP036,CP036,https://www.specifiedby.com/search?q=XPS,https://www.specifiedby.com/search?q=XPS&type=companies&a=0,https://www.google.co.uk/search?q=XPS companies&type=companies&a=0
Fiberglass Batt Insulation,Fiberglass Batt Insulation,http://quartzproject.org/p/CP037,CP037,https://www.specifiedby.com/search?q=Fiberglass Batt Insulation,https://www.specifiedby.com/search?q=Fiberglass Batt Insulation&type=companies&a=0,https://www.google.co.uk/search?q=Fiberglass Batt Insulation companies&type=companies&a=0
Fiberglass Batt Insulation,Fiberglass,http://quartzproject.org/p/CP037,CP037,https://www.specifiedby.com/search?q=Fiberglass,https://www.specifiedby.com/search?q=Fiberglass&type=companies&a=0,https://www.google.co.uk/search?q=Fiberglass companies&type=companies&a=0
Fiberglass Batt Insulation,glass wool,http://quartzproject.org/p/CP037,CP037,https://www.specifiedby.com/search?q=glass wool,https://www.specifiedby.com/search?q=glass wool&type=companies&a=0,https://www.google.co.uk/search?q=glass wool companies&type=companies&a=0
Fiberglass Batt Insulation,fibrous glass,http://quartzproject.org/p/CP037,CP037,https://www.specifiedby.com/search?q=fibrous glass,https://www.specifiedby.com/search?q=fibrous glass&type=companies&a=0,https://www.google.co.uk/search?q=fibrous glass companies&type=companies&a=0
Chromate Pretreatment for Steel,Chromate Pretreatment for Steel,http://quartzproject.org/p/CP038,CP038,https://www.specifiedby.com/search?q=Chromate Pretreatment for Steel,https://www.specifiedby.com/search?q=Chromate Pretreatment for Steel&type=companies&a=0,https://www.google.co.uk/search?q=Chromate Pretreatment for Steel companies&type=companies&a=0
Polyester Powder Coating,Polyester Powder Coating,http://quartzproject.org/p/CP039,CP039,https://www.specifiedby.com/search?q=Polyester Powder Coating,https://www.specifiedby.com/search?q=Polyester Powder Coating&type=companies&a=0,https://www.google.co.uk/search?q=Polyester Powder Coating companies&type=companies&a=0
Polyester Powder Coating,Carboxyl polyester powder coatings,http://quartzproject.org/p/CP039,CP039,https://www.specifiedby.com/search?q=Carboxyl polyester powder coatings,https://www.specifiedby.com/search?q=Carboxyl polyester powder coatings&type=companies&a=0,https://www.google.co.uk/search?q=Carboxyl polyester powder coatings companies&type=companies&a=0
Concrete Masonry Unit,Concrete Masonry Unit,http://quartzproject.org/p/CP042,CP042,https://www.specifiedby.com/search?q=Concrete Masonry Unit,https://www.specifiedby.com/search?q=Concrete Masonry Unit&type=companies&a=0,https://www.google.co.uk/search?q=Concrete Masonry Unit companies&type=companies&a=0
Concrete Masonry Unit,Cinder blocks,http://quartzproject.org/p/CP042,CP042,https://www.specifiedby.com/search?q=Cinder blocks,https://www.specifiedby.com/search?q=Cinder blocks&type=companies&a=0,https://www.google.co.uk/search?q=Cinder blocks companies&type=companies&a=0
Concrete Masonry Unit,Hollow cement masonry unit,http://quartzproject.org/p/CP042,CP042,https://www.specifiedby.com/search?q=Hollow cement masonry unit,https://www.specifiedby.com/search?q=Hollow cement masonry unit&type=companies&a=0,https://www.google.co.uk/search?q=Hollow cement masonry unit companies&type=companies&a=0
Aluminum Primer,Aluminum Primer,http://quartzproject.org/p/CP043,CP043,https://www.specifiedby.com/search?q=Aluminum Primer,https://www.specifiedby.com/search?q=Aluminum Primer&type=companies&a=0,https://www.google.co.uk/search?q=Aluminum Primer companies&type=companies&a=0
Aluminum Primer,Universal Primer for Aluminum Substrates,http://quartzproject.org/p/CP043,CP043,https://www.specifiedby.com/search?q=Universal Primer for Aluminum Substrates,https://www.specifiedby.com/search?q=Universal Primer for Aluminum Substrates&type=companies&a=0,https://www.google.co.uk/search?q=Universal Primer for Aluminum Substrates companies&type=companies&a=0
Anodized Aluminum Curtainwall Extrusion,Anodized Aluminum Curtainwall Extrusion,http://quartzproject.org/p/CP044,CP044,https://www.specifiedby.com/search?q=Anodized Aluminum Curtainwall Extrusion,https://www.specifiedby.com/search?q=Anodized Aluminum Curtainwall Extrusion&type=companies&a=0,https://www.google.co.uk/search?q=Anodized Aluminum Curtainwall Extrusion companies&type=companies&a=0
Anodized Aluminum Curtainwall Extrusion,Aluminum extrusion,http://quartzproject.org/p/CP044,CP044,https://www.specifiedby.com/search?q=Aluminum extrusion,https://www.specifiedby.com/search?q=Aluminum extrusion&type=companies&a=0,https://www.google.co.uk/search?q=Aluminum extrusion companies&type=companies&a=0
Anodized Aluminum Curtainwall Extrusion,Curtainwall,http://quartzproject.org/p/CP044,CP044,https://www.specifiedby.com/search?q=Curtainwall,https://www.specifiedby.com/search?q=Curtainwall&type=companies&a=0,https://www.google.co.uk/search?q=Curtainwall companies&type=companies&a=0
Anodized Aluminum Curtainwall Extrusion,Curtainwall Aluminum,http://quartzproject.org/p/CP044,CP044,https://www.specifiedby.com/search?q=Curtainwall Aluminum,https://www.specifiedby.com/search?q=Curtainwall Aluminum&type=companies&a=0,https://www.google.co.uk/search?q=Curtainwall Aluminum companies&type=companies&a=0
Elastic Facade Joint Sealant,Elastic Facade Joint Sealant,http://quartzproject.org/p/CP048,CP048,https://www.specifiedby.com/search?q=Elastic Facade Joint Sealant,https://www.specifiedby.com/search?q=Elastic Facade Joint Sealant&type=companies&a=0,https://www.google.co.uk/search?q=Elastic Facade Joint Sealant companies&type=companies&a=0
Elastic Facade Joint Sealant,Low-Modulus Elastomeric Sealant,http://quartzproject.org/p/CP048,CP048,https://www.specifiedby.com/search?q=Low-Modulus Elastomeric Sealant,https://www.specifiedby.com/search?q=Low-Modulus Elastomeric Sealant&type=companies&a=0,https://www.google.co.uk/search?q=Low-Modulus Elastomeric Sealant companies&type=companies&a=0
IGU Silicone Sealant,IGU Silicone Sealant,http://quartzproject.org/p/CP051,CP051,https://www.specifiedby.com/search?q=IGU Silicone Sealant,https://www.specifiedby.com/search?q=IGU Silicone Sealant&type=companies&a=0,https://www.google.co.uk/search?q=IGU Silicone Sealant companies&type=companies&a=0
Curtain wall seals - Rubber (ethylene propylene diene monomer) gasket,Curtain wall seals - Rubber (ethylene propylene diene monomer) gasket,http://quartzproject.org/p/CP053,CP053,https://www.specifiedby.com/search?q=Curtain wall seals - Rubber (ethylene propylene diene monomer) gasket,https://www.specifiedby.com/search?q=Curtain wall seals - Rubber (ethylene propylene diene monomer) gasket&type=companies&a=0,https://www.google.co.uk/search?q=Curtain wall seals - Rubber (ethylene propylene diene monomer) gasket companies&type=companies&a=0
Curtain wall seals - Rubber (ethylene propylene diene monomer) gasket,EPDM Curtainwall Gaskets,http://quartzproject.org/p/CP053,CP053,https://www.specifiedby.com/search?q=EPDM Curtainwall Gaskets,https://www.specifiedby.com/search?q=EPDM Curtainwall Gaskets&type=companies&a=0,https://www.google.co.uk/search?q=EPDM Curtainwall Gaskets companies&type=companies&a=0
Double Pane IGU,Double Pane IGU,http://quartzproject.org/p/CP056,CP056,https://www.specifiedby.com/search?q=Double Pane IGU,https://www.specifiedby.com/search?q=Double Pane IGU&type=companies&a=0,https://www.google.co.uk/search?q=Double Pane IGU companies&type=companies&a=0
Double Pane IGU,Double Pane Insulated Glass Unit,http://quartzproject.org/p/CP056,CP056,https://www.specifiedby.com/search?q=Double Pane Insulated Glass Unit,https://www.specifiedby.com/search?q=Double Pane Insulated Glass Unit&type=companies&a=0,https://www.google.co.uk/search?q=Double Pane Insulated Glass Unit companies&type=companies&a=0
Fluid-applied rubber asphalt roofing,Fluid-applied rubber asphalt roofing,http://quartzproject.org/p/CP065,CP065,https://www.specifiedby.com/search?q=Fluid-applied rubber asphalt roofing,https://www.specifiedby.com/search?q=Fluid-applied rubber asphalt roofing&type=companies&a=0,https://www.google.co.uk/search?q=Fluid-applied rubber asphalt roofing companies&type=companies&a=0
Fluid-applied rubber asphalt roofing,Polymer Modified Asphalt Roofing,http://quartzproject.org/p/CP065,CP065,https://www.specifiedby.com/search?q=Polymer Modified Asphalt Roofing,https://www.specifiedby.com/search?q=Polymer Modified Asphalt Roofing&type=companies&a=0,https://www.google.co.uk/search?q=Polymer Modified Asphalt Roofing companies&type=companies&a=0
Fluid-applied rubber asphalt roofing,Hot-Applied Rubberized Asphalt,http://quartzproject.org/p/CP065,CP065,https://www.specifiedby.com/search?q=Hot-Applied Rubberized Asphalt,https://www.specifiedby.com/search?q=Hot-Applied Rubberized Asphalt&type=companies&a=0,https://www.google.co.uk/search?q=Hot-Applied Rubberized Asphalt companies&type=companies&a=0
Roof edge flashing,Roof edge flashing,http://quartzproject.org/p/CP069,CP069,https://www.specifiedby.com/search?q=Roof edge flashing,https://www.specifiedby.com/search?q=Roof edge flashing&type=companies&a=0,https://www.google.co.uk/search?q=Roof edge flashing companies&type=companies&a=0
Roof edge flashing,Edge fascia,http://quartzproject.org/p/CP069,CP069,https://www.specifiedby.com/search?q=Edge fascia,https://www.specifiedby.com/search?q=Edge fascia&type=companies&a=0,https://www.google.co.uk/search?q=Edge fascia companies&type=companies&a=0
Roof edge flashing,Edge metal flashing,http://quartzproject.org/p/CP069,CP069,https://www.specifiedby.com/search?q=Edge metal flashing,https://www.specifiedby.com/search?q=Edge metal flashing&type=companies&a=0,https://www.google.co.uk/search?q=Edge metal flashing companies&type=companies&a=0
Roof edge flashing,Roof edging,http://quartzproject.org/p/CP069,CP069,https://www.specifiedby.com/search?q=Roof edging,https://www.specifiedby.com/search?q=Roof edging&type=companies&a=0,https://www.google.co.uk/search?q=Roof edging companies&type=companies&a=0
EPDM membrane roofing,EPDM membrane roofing,http://quartzproject.org/p/CP071,CP071,https://www.specifiedby.com/search?q=EPDM membrane roofing,https://www.specifiedby.com/search?q=EPDM membrane roofing&type=companies&a=0,https://www.google.co.uk/search?q=EPDM membrane roofing companies&type=companies&a=0
Exterior Door w/ IGU,Exterior Door w/ IGU,http://quartzproject.org/p/CP072,CP072,https://www.specifiedby.com/search?q=Exterior Door w/ IGU,https://www.specifiedby.com/search?q=Exterior Door w/ IGU&type=companies&a=0,https://www.google.co.uk/search?q=Exterior Door w/ IGU companies&type=companies&a=0
Exterior Door w/ IGU,Entry door,http://quartzproject.org/p/CP072,CP072,https://www.specifiedby.com/search?q=Entry door,https://www.specifiedby.com/search?q=Entry door&type=companies&a=0,https://www.google.co.uk/search?q=Entry door companies&type=companies&a=0
Exterior Door w/ IGU,Door with lite,http://quartzproject.org/p/CP072,CP072,https://www.specifiedby.com/search?q=Door with lite,https://www.specifiedby.com/search?q=Door with lite&type=companies&a=0,https://www.google.co.uk/search?q=Door with lite companies&type=companies&a=0
Metal Ceiling Tile,Metal Ceiling Tile,http://quartzproject.org/p/CP074,CP074,https://www.specifiedby.com/search?q=Metal Ceiling Tile,https://www.specifiedby.com/search?q=Metal Ceiling Tile&type=companies&a=0,https://www.google.co.uk/search?q=Metal Ceiling Tile companies&type=companies&a=0
Metal Ceiling Tile,Metal Lay-In Tile,http://quartzproject.org/p/CP074,CP074,https://www.specifiedby.com/search?q=Metal Lay-In Tile,https://www.specifiedby.com/search?q=Metal Lay-In Tile&type=companies&a=0,https://www.google.co.uk/search?q=Metal Lay-In Tile companies&type=companies&a=0
Metal Ceiling Tile,Metal Ceiling Panel,http://quartzproject.org/p/CP074,CP074,https://www.specifiedby.com/search?q=Metal Ceiling Panel,https://www.specifiedby.com/search?q=Metal Ceiling Panel&type=companies&a=0,https://www.google.co.uk/search?q=Metal Ceiling Panel companies&type=companies&a=0
Steel Studs,Steel Studs,http://quartzproject.org/p/CP077,CP077,https://www.specifiedby.com/search?q=Steel Studs,https://www.specifiedby.com/search?q=Steel Studs&type=companies&a=0,https://www.google.co.uk/search?q=Steel Studs companies&type=companies&a=0
Steel Studs,Metal Studs,http://quartzproject.org/p/CP077,CP077,https://www.specifiedby.com/search?q=Metal Studs,https://www.specifiedby.com/search?q=Metal Studs&type=companies&a=0,https://www.google.co.uk/search?q=Metal Studs companies&type=companies&a=0
Steel Studs,Drywall Supports,http://quartzproject.org/p/CP077,CP077,https://www.specifiedby.com/search?q=Drywall Supports,https://www.specifiedby.com/search?q=Drywall Supports&type=companies&a=0,https://www.google.co.uk/search?q=Drywall Supports companies&type=companies&a=0
Drywall Screws,Drywall Screws,http://quartzproject.org/p/CP079,CP079,https://www.specifiedby.com/search?q=Drywall Screws,https://www.specifiedby.com/search?q=Drywall Screws&type=companies&a=0,https://www.google.co.uk/search?q=Drywall Screws companies&type=companies&a=0
Drywall Screws,Screws,http://quartzproject.org/p/CP079,CP079,https://www.specifiedby.com/search?q=Screws,https://www.specifiedby.com/search?q=Screws&type=companies&a=0,https://www.google.co.uk/search?q=Screws companies&type=companies&a=0
Acrylic paint,Acrylic paint,http://quartzproject.org/p/CP081,CP081,https://www.specifiedby.com/search?q=Acrylic paint,https://www.specifiedby.com/search?q=Acrylic paint&type=companies&a=0,https://www.google.co.uk/search?q=Acrylic paint companies&type=companies&a=0
Acrylic paint,Latex Paint,http://quartzproject.org/p/CP081,CP081,https://www.specifiedby.com/search?q=Latex Paint,https://www.specifiedby.com/search?q=Latex Paint&type=companies&a=0,https://www.google.co.uk/search?q=Latex Paint companies&type=companies&a=0
Acrylic paint,Acrylic Latex Paint,http://quartzproject.org/p/CP081,CP081,https://www.specifiedby.com/search?q=Acrylic Latex Paint,https://www.specifiedby.com/search?q=Acrylic Latex Paint&type=companies&a=0,https://www.google.co.uk/search?q=Acrylic Latex Paint companies&type=companies&a=0
Drywall Joint Tape,Drywall Joint Tape,http://quartzproject.org/p/CP084,CP084,https://www.specifiedby.com/search?q=Drywall Joint Tape,https://www.specifiedby.com/search?q=Drywall Joint Tape&type=companies&a=0,https://www.google.co.uk/search?q=Drywall Joint Tape companies&type=companies&a=0
Drywall Joint Tape,Wallboard Tape,http://quartzproject.org/p/CP084,CP084,https://www.specifiedby.com/search?q=Wallboard Tape,https://www.specifiedby.com/search?q=Wallboard Tape&type=companies&a=0,https://www.google.co.uk/search?q=Wallboard Tape companies&type=companies&a=0
Drywall Joint Tape,Joint Tape,http://quartzproject.org/p/CP084,CP084,https://www.specifiedby.com/search?q=Joint Tape,https://www.specifiedby.com/search?q=Joint Tape&type=companies&a=0,https://www.google.co.uk/search?q=Joint Tape companies&type=companies&a=0
Drywall Joint Tape,Drywall Tape,http://quartzproject.org/p/CP084,CP084,https://www.specifiedby.com/search?q=Drywall Tape,https://www.specifiedby.com/search?q=Drywall Tape&type=companies&a=0,https://www.google.co.uk/search?q=Drywall Tape companies&type=companies&a=0
Drywall Joint Tape,Plasterboard Jointing Tape,http://quartzproject.org/p/CP084,CP084,https://www.specifiedby.com/search?q=Plasterboard Jointing Tape,https://www.specifiedby.com/search?q=Plasterboard Jointing Tape&type=companies&a=0,https://www.google.co.uk/search?q=Plasterboard Jointing Tape companies&type=companies&a=0
Drywall Acoustical Sealant,Drywall Acoustical Sealant,http://quartzproject.org/p/CP086,CP086,https://www.specifiedby.com/search?q=Drywall Acoustical Sealant,https://www.specifiedby.com/search?q=Drywall Acoustical Sealant&type=companies&a=0,https://www.google.co.uk/search?q=Drywall Acoustical Sealant companies&type=companies&a=0
Drywall Acoustical Sealant,Acoustic Sealant,http://quartzproject.org/p/CP086,CP086,https://www.specifiedby.com/search?q=Acoustic Sealant,https://www.specifiedby.com/search?q=Acoustic Sealant&type=companies&a=0,https://www.google.co.uk/search?q=Acoustic Sealant companies&type=companies&a=0
Drywall Acoustical Sealant,Acoustic Caulk,http://quartzproject.org/p/CP086,CP086,https://www.specifiedby.com/search?q=Acoustic Caulk,https://www.specifiedby.com/search?q=Acoustic Caulk&type=companies&a=0,https://www.google.co.uk/search?q=Acoustic Caulk companies&type=companies&a=0
Drywall Acoustical Sealant,Soundblocking Sealant,http://quartzproject.org/p/CP086,CP086,https://www.specifiedby.com/search?q=Soundblocking Sealant,https://www.specifiedby.com/search?q=Soundblocking Sealant&type=companies&a=0,https://www.google.co.uk/search?q=Soundblocking Sealant companies&type=companies&a=0
Pipe Thread Sealant,Pipe Thread Sealant,http://quartzproject.org/p/CP089,CP089,https://www.specifiedby.com/search?q=Pipe Thread Sealant,https://www.specifiedby.com/search?q=Pipe Thread Sealant&type=companies&a=0,https://www.google.co.uk/search?q=Pipe Thread Sealant companies&type=companies&a=0
Pipe Thread Sealant,Thread Sealant with PTFE,http://quartzproject.org/p/CP089,CP089,https://www.specifiedby.com/search?q=Thread Sealant with PTFE,https://www.specifiedby.com/search?q=Thread Sealant with PTFE&type=companies&a=0,https://www.google.co.uk/search?q=Thread Sealant with PTFE companies&type=companies&a=0
Pipe Thread Sealant,Pipe Thread Sealing Compound,http://quartzproject.org/p/CP089,CP089,https://www.specifiedby.com/search?q=Pipe Thread Sealing Compound,https://www.specifiedby.com/search?q=Pipe Thread Sealing Compound&type=companies&a=0,https://www.google.co.uk/search?q=Pipe Thread Sealing Compound companies&type=companies&a=0
Steel Pipe Hanger,Steel Pipe Hanger,http://quartzproject.org/p/CP090,CP090,https://www.specifiedby.com/search?q=Steel Pipe Hanger,https://www.specifiedby.com/search?q=Steel Pipe Hanger&type=companies&a=0,https://www.google.co.uk/search?q=Steel Pipe Hanger companies&type=companies&a=0
Solvent Weld Soil and Waste Pipe,Solvent Weld Soil and Waste Pipe,http://quartzproject.org/p/CP091,CP091,https://www.specifiedby.com/search?q=Solvent Weld Soil and Waste Pipe,https://www.specifiedby.com/search?q=Solvent Weld Soil and Waste Pipe&type=companies&a=0,https://www.google.co.uk/search?q=Solvent Weld Soil and Waste Pipe companies&type=companies&a=0
Copper Piping,Copper Piping,http://quartzproject.org/p/CP092,CP092,https://www.specifiedby.com/search?q=Copper Piping,https://www.specifiedby.com/search?q=Copper Piping&type=companies&a=0,https://www.google.co.uk/search?q=Copper Piping companies&type=companies&a=0
Copper Piping,Water pipe,http://quartzproject.org/p/CP092,CP092,https://www.specifiedby.com/search?q=Water pipe,https://www.specifiedby.com/search?q=Water pipe&type=companies&a=0,https://www.google.co.uk/search?q=Water pipe companies&type=companies&a=0
Copper Piping,Type M hard temper copper pipe,http://quartzproject.org/p/CP092,CP092,https://www.specifiedby.com/search?q=Type M hard temper copper pipe,https://www.specifiedby.com/search?q=Type M hard temper copper pipe&type=companies&a=0,https://www.google.co.uk/search?q=Type M hard temper copper pipe companies&type=companies&a=0
Copper Piping,Copper pipe,http://quartzproject.org/p/CP092,CP092,https://www.specifiedby.com/search?q=Copper pipe,https://www.specifiedby.com/search?q=Copper pipe&type=companies&a=0,https://www.google.co.uk/search?q=Copper pipe companies&type=companies&a=0
Intumescent firestop sealant,Intumescent firestop sealant,http://quartzproject.org/p/CP094,CP094,https://www.specifiedby.com/search?q=Intumescent firestop sealant,https://www.specifiedby.com/search?q=Intumescent firestop sealant&type=companies&a=0,https://www.google.co.uk/search?q=Intumescent firestop sealant companies&type=companies&a=0
Intumescent firestop sealant,Intumescent Elastomeric Firestopping Sealant,http://quartzproject.org/p/CP094,CP094,https://www.specifiedby.com/search?q=Intumescent Elastomeric Firestopping Sealant,https://www.specifiedby.com/search?q=Intumescent Elastomeric Firestopping Sealant&type=companies&a=0,https://www.google.co.uk/search?q=Intumescent Elastomeric Firestopping Sealant companies&type=companies&a=0
Intumescent firestop sealant,Firestopping Sealant,http://quartzproject.org/p/CP094,CP094,https://www.specifiedby.com/search?q=Firestopping Sealant,https://www.specifiedby.com/search?q=Firestopping Sealant&type=companies&a=0,https://www.google.co.uk/search?q=Firestopping Sealant companies&type=companies&a=0
Intumescent firestop sealant,Fire Barrier Sealant,http://quartzproject.org/p/CP094,CP094,https://www.specifiedby.com/search?q=Fire Barrier Sealant,https://www.specifiedby.com/search?q=Fire Barrier Sealant&type=companies&a=0,https://www.google.co.uk/search?q=Fire Barrier Sealant companies&type=companies&a=0
Intumescent firestop sealant,Intumescent Acrylic Sealant,http://quartzproject.org/p/CP094,CP094,https://www.specifiedby.com/search?q=Intumescent Acrylic Sealant,https://www.specifiedby.com/search?q=Intumescent Acrylic Sealant&type=companies&a=0,https://www.google.co.uk/search?q=Intumescent Acrylic Sealant companies&type=companies&a=0
Galvanized Steel Ducts,Galvanized Steel Ducts,http://quartzproject.org/p/CP095,CP095,https://www.specifiedby.com/search?q=Galvanized Steel Ducts,https://www.specifiedby.com/search?q=Galvanized Steel Ducts&type=companies&a=0,https://www.google.co.uk/search?q=Galvanized Steel Ducts companies&type=companies&a=0
Galvanized Steel Ducts,Steel Ducts,http://quartzproject.org/p/CP095,CP095,https://www.specifiedby.com/search?q=Steel Ducts,https://www.specifiedby.com/search?q=Steel Ducts&type=companies&a=0,https://www.google.co.uk/search?q=Steel Ducts companies&type=companies&a=0
Galvanized Steel Ducts,Duct,http://quartzproject.org/p/CP095,CP095,https://www.specifiedby.com/search?q=Duct,https://www.specifiedby.com/search?q=Duct&type=companies&a=0,https://www.google.co.uk/search?q=Duct companies&type=companies&a=0
Galvanized Steel Ducts,Ductwork,http://quartzproject.org/p/CP095,CP095,https://www.specifiedby.com/search?q=Ductwork,https://www.specifiedby.com/search?q=Ductwork&type=companies&a=0,https://www.google.co.uk/search?q=Ductwork companies&type=companies&a=0
Carbon Steel Sprinkler Pipe,Carbon Steel Sprinkler Pipe,http://quartzproject.org/p/CP096,CP096,https://www.specifiedby.com/search?q=Carbon Steel Sprinkler Pipe,https://www.specifiedby.com/search?q=Carbon Steel Sprinkler Pipe&type=companies&a=0,https://www.google.co.uk/search?q=Carbon Steel Sprinkler Pipe companies&type=companies&a=0
Carbon Steel Sprinkler Pipe,Carbon Steel Pipe for Fire Suppression Systems,http://quartzproject.org/p/CP096,CP096,https://www.specifiedby.com/search?q=Carbon Steel Pipe for Fire Suppression Systems,https://www.specifiedby.com/search?q=Carbon Steel Pipe for Fire Suppression Systems&type=companies&a=0,https://www.google.co.uk/search?q=Carbon Steel Pipe for Fire Suppression Systems companies&type=companies&a=0
Steel Conduit,Steel Conduit,http://quartzproject.org/p/CP100,CP100,https://www.specifiedby.com/search?q=Steel Conduit,https://www.specifiedby.com/search?q=Steel Conduit&type=companies&a=0,https://www.google.co.uk/search?q=Steel Conduit companies&type=companies&a=0
Steel Conduit,Electric Rigid Steel Conduit,http://quartzproject.org/p/CP100,CP100,https://www.specifiedby.com/search?q=Electric Rigid Steel Conduit,https://www.specifiedby.com/search?q=Electric Rigid Steel Conduit&type=companies&a=0,https://www.google.co.uk/search?q=Electric Rigid Steel Conduit companies&type=companies&a=0
HDPE Municipal Water Pipe,HDPE Municipal Water Pipe,http://quartzproject.org/p/CP103,CP103,https://www.specifiedby.com/search?q=HDPE Municipal Water Pipe,https://www.specifiedby.com/search?q=HDPE Municipal Water Pipe&type=companies&a=0,https://www.google.co.uk/search?q=HDPE Municipal Water Pipe companies&type=companies&a=0
HDPE Municipal Water Pipe,HDPE Water Pipe,http://quartzproject.org/p/CP103,CP103,https://www.specifiedby.com/search?q=HDPE Water Pipe,https://www.specifiedby.com/search?q=HDPE Water Pipe&type=companies&a=0,https://www.google.co.uk/search?q=HDPE Water Pipe companies&type=companies&a=0
Type X Drywall,Type X Drywall,http://quartzproject.org/p/CP108,CP108,https://www.specifiedby.com/search?q=Type X Drywall,https://www.specifiedby.com/search?q=Type X Drywall&type=companies&a=0,https://www.google.co.uk/search?q=Type X Drywall companies&type=companies&a=0
Type X Drywall,Fire resistant gypsum board,http://quartzproject.org/p/CP108,CP108,https://www.specifiedby.com/search?q=Fire resistant gypsum board,https://www.specifiedby.com/search?q=Fire resistant gypsum board&type=companies&a=0,https://www.google.co.uk/search?q=Fire resistant gypsum board companies&type=companies&a=0
Type X Drywall,Fire resistant wallboard,http://quartzproject.org/p/CP108,CP108,https://www.specifiedby.com/search?q=Fire resistant wallboard,https://www.specifiedby.com/search?q=Fire resistant wallboard&type=companies&a=0,https://www.google.co.uk/search?q=Fire resistant wallboard companies&type=companies&a=0
Type X Drywall,Fire resistant drywall,http://quartzproject.org/p/CP108,CP108,https://www.specifiedby.com/search?q=Fire resistant drywall,https://www.specifiedby.com/search?q=Fire resistant drywall&type=companies&a=0,https://www.google.co.uk/search?q=Fire resistant drywall companies&type=companies&a=0
Drywall (Mixed Gypsum),Drywall (Mixed Gypsum),http://quartzproject.org/p/CP109,CP109,https://www.specifiedby.com/search?q=Drywall (Mixed Gypsum),https://www.specifiedby.com/search?q=Drywall (Mixed Gypsum)&type=companies&a=0,https://www.google.co.uk/search?q=Drywall (Mixed Gypsum) companies&type=companies&a=0
Drywall (Mixed Gypsum),Gypsum board,http://quartzproject.org/p/CP109,CP109,https://www.specifiedby.com/search?q=Gypsum board,https://www.specifiedby.com/search?q=Gypsum board&type=companies&a=0,https://www.google.co.uk/search?q=Gypsum board companies&type=companies&a=0
Drywall (Mixed Gypsum),Plasterboard,http://quartzproject.org/p/CP109,CP109,https://www.specifiedby.com/search?q=Plasterboard,https://www.specifiedby.com/search?q=Plasterboard&type=companies&a=0,https://www.google.co.uk/search?q=Plasterboard companies&type=companies&a=0
Drywall (Mixed Gypsum),Wallboard,http://quartzproject.org/p/CP109,CP109,https://www.specifiedby.com/search?q=Wallboard,https://www.specifiedby.com/search?q=Wallboard&type=companies&a=0,https://www.google.co.uk/search?q=Wallboard companies&type=companies&a=0
Drywall (Mixed Gypsum),Gypsum wallboard,http://quartzproject.org/p/CP109,CP109,https://www.specifiedby.com/search?q=Gypsum wallboard,https://www.specifiedby.com/search?q=Gypsum wallboard&type=companies&a=0,https://www.google.co.uk/search?q=Gypsum wallboard companies&type=companies&a=0
Drywall (FGD),Drywall (FGD),http://quartzproject.org/p/CP110,CP110,https://www.specifiedby.com/search?q=Drywall (FGD),https://www.specifiedby.com/search?q=Drywall (FGD)&type=companies&a=0,https://www.google.co.uk/search?q=Drywall (FGD) companies&type=companies&a=0
Drywall (FGD),Gypsum board,http://quartzproject.org/p/CP110,CP110,https://www.specifiedby.com/search?q=Gypsum board,https://www.specifiedby.com/search?q=Gypsum board&type=companies&a=0,https://www.google.co.uk/search?q=Gypsum board companies&type=companies&a=0
Drywall (FGD),Plasterboard,http://quartzproject.org/p/CP110,CP110,https://www.specifiedby.com/search?q=Plasterboard,https://www.specifiedby.com/search?q=Plasterboard&type=companies&a=0,https://www.google.co.uk/search?q=Plasterboard companies&type=companies&a=0
Drywall (FGD),Wallboard,http://quartzproject.org/p/CP110,CP110,https://www.specifiedby.com/search?q=Wallboard,https://www.specifiedby.com/search?q=Wallboard&type=companies&a=0,https://www.google.co.uk/search?q=Wallboard companies&type=companies&a=0
Drywall (FGD),Gypsum wallboard,http://quartzproject.org/p/CP110,CP110,https://www.specifiedby.com/search?q=Gypsum wallboard,https://www.specifiedby.com/search?q=Gypsum wallboard&type=companies&a=0,https://www.google.co.uk/search?q=Gypsum wallboard companies&type=companies&a=0
Welded Wire Mesh Concrete Reinforcement,Welded Wire Mesh Concrete Reinforcement,http://quartzproject.org/p/CP111,CP111,https://www.specifiedby.com/search?q=Welded Wire Mesh Concrete Reinforcement,https://www.specifiedby.com/search?q=Welded Wire Mesh Concrete Reinforcement&type=companies&a=0,https://www.google.co.uk/search?q=Welded Wire Mesh Concrete Reinforcement companies&type=companies&a=0
Welded Wire Mesh Concrete Reinforcement,Welded Wire Reinforcement,http://quartzproject.org/p/CP111,CP111,https://www.specifiedby.com/search?q=Welded Wire Reinforcement,https://www.specifiedby.com/search?q=Welded Wire Reinforcement&type=companies&a=0,https://www.google.co.uk/search?q=Welded Wire Reinforcement companies&type=companies&a=0
Welded Wire Mesh Concrete Reinforcement,Welded Wire Fabric,http://quartzproject.org/p/CP111,CP111,https://www.specifiedby.com/search?q=Welded Wire Fabric,https://www.specifiedby.com/search?q=Welded Wire Fabric&type=companies&a=0,https://www.google.co.uk/search?q=Welded Wire Fabric companies&type=companies&a=0
Welded Wire Mesh Concrete Reinforcement,WWR,http://quartzproject.org/p/CP111,CP111,https://www.specifiedby.com/search?q=WWR,https://www.specifiedby.com/search?q=WWR&type=companies&a=0,https://www.google.co.uk/search?q=WWR companies&type=companies&a=0
Welded Wire Mesh Concrete Reinforcement,WWF,http://quartzproject.org/p/CP111,CP111,https://www.specifiedby.com/search?q=WWF,https://www.specifiedby.com/search?q=WWF&type=companies&a=0,https://www.google.co.uk/search?q=WWF companies&type=companies&a=0
Foundation waterproofing sheet membrane,Foundation waterproofing sheet membrane,http://quartzproject.org/p/CP112,CP112,https://www.specifiedby.com/search?q=Foundation waterproofing sheet membrane,https://www.specifiedby.com/search?q=Foundation waterproofing sheet membrane&type=companies&a=0,https://www.google.co.uk/search?q=Foundation waterproofing sheet membrane companies&type=companies&a=0
Foundation waterproofing sheet membrane,Sheet membrane waterproofing,http://quartzproject.org/p/CP112,CP112,https://www.specifiedby.com/search?q=Sheet membrane waterproofing,https://www.specifiedby.com/search?q=Sheet membrane waterproofing&type=companies&a=0,https://www.google.co.uk/search?q=Sheet membrane waterproofing companies&type=companies&a=0
Foundation waterproofing sheet membrane,Sheet waterproofing membrane,http://quartzproject.org/p/CP112,CP112,https://www.specifiedby.com/search?q=Sheet waterproofing membrane,https://www.specifiedby.com/search?q=Sheet waterproofing membrane&type=companies&a=0,https://www.google.co.uk/search?q=Sheet waterproofing membrane companies&type=companies&a=0
Foundation waterproofing sheet membrane,Waterproofing membrane,http://quartzproject.org/p/CP112,CP112,https://www.specifiedby.com/search?q=Waterproofing membrane,https://www.specifiedby.com/search?q=Waterproofing membrane&type=companies&a=0,https://www.google.co.uk/search?q=Waterproofing membrane companies&type=companies&a=0
Foundation waterproofing sheet membrane,Self-adhesive waterproofing membrane,http://quartzproject.org/p/CP112,CP112,https://www.specifiedby.com/search?q=Self-adhesive waterproofing membrane,https://www.specifiedby.com/search?q=Self-adhesive waterproofing membrane&type=companies&a=0,https://www.google.co.uk/search?q=Self-adhesive waterproofing membrane companies&type=companies&a=0
Foundation waterproofing sheet primer,Foundation waterproofing sheet primer,http://quartzproject.org/p/CP113,CP113,https://www.specifiedby.com/search?q=Foundation waterproofing sheet primer,https://www.specifiedby.com/search?q=Foundation waterproofing sheet primer&type=companies&a=0,https://www.google.co.uk/search?q=Foundation waterproofing sheet primer companies&type=companies&a=0
Foundation waterproofing sheet primer,Water-Based Waterproofing Primer,http://quartzproject.org/p/CP113,CP113,https://www.specifiedby.com/search?q=Water-Based Waterproofing Primer,https://www.specifiedby.com/search?q=Water-Based Waterproofing Primer&type=companies&a=0,https://www.google.co.uk/search?q=Water-Based Waterproofing Primer companies&type=companies&a=0
Foundation waterproofing sheet primer,Emulsion Primer for Self-Adhesive Membranes,http://quartzproject.org/p/CP113,CP113,https://www.specifiedby.com/search?q=Emulsion Primer for Self-Adhesive Membranes,https://www.specifiedby.com/search?q=Emulsion Primer for Self-Adhesive Membranes&type=companies&a=0,https://www.google.co.uk/search?q=Emulsion Primer for Self-Adhesive Membranes companies&type=companies&a=0
Foundation dampproofing,Foundation dampproofing,http://quartzproject.org/p/CP114,CP114,https://www.specifiedby.com/search?q=Foundation dampproofing,https://www.specifiedby.com/search?q=Foundation dampproofing&type=companies&a=0,https://www.google.co.uk/search?q=Foundation dampproofing companies&type=companies&a=0
Granular Fill,Granular Fill,http://quartzproject.org/p/CP115,CP115,https://www.specifiedby.com/search?q=Granular Fill,https://www.specifiedby.com/search?q=Granular Fill&type=companies&a=0,https://www.google.co.uk/search?q=Granular Fill companies&type=companies&a=0
Plywood,Plywood,http://quartzproject.org/p/CP116,CP116,https://www.specifiedby.com/search?q=Plywood,https://www.specifiedby.com/search?q=Plywood&type=companies&a=0,https://www.google.co.uk/search?q=Plywood companies&type=companies&a=0
Particleboard,Particleboard,http://quartzproject.org/p/CP117,CP117,https://www.specifiedby.com/search?q=Particleboard,https://www.specifiedby.com/search?q=Particleboard&type=companies&a=0,https://www.google.co.uk/search?q=Particleboard companies&type=companies&a=0
Wood Framing,Wood Framing,http://quartzproject.org/p/CP118,CP118,https://www.specifiedby.com/search?q=Wood Framing,https://www.specifiedby.com/search?q=Wood Framing&type=companies&a=0,https://www.google.co.uk/search?q=Wood Framing companies&type=companies&a=0
Wood Framing,Dimensional Lumber,http://quartzproject.org/p/CP118,CP118,https://www.specifiedby.com/search?q=Dimensional Lumber,https://www.specifiedby.com/search?q=Dimensional Lumber&type=companies&a=0,https://www.google.co.uk/search?q=Dimensional Lumber companies&type=companies&a=0
Fire-retardant Treated/PT Lumber,Fire-retardant Treated/PT Lumber,http://quartzproject.org/p/CP119,CP119,https://www.specifiedby.com/search?q=Fire-retardant Treated/PT Lumber,https://www.specifiedby.com/search?q=Fire-retardant Treated/PT Lumber&type=companies&a=0,https://www.google.co.uk/search?q=Fire-retardant Treated/PT Lumber companies&type=companies&a=0
Fire-retardant Treated/PT Lumber,FRT,http://quartzproject.org/p/CP119,CP119,https://www.specifiedby.com/search?q=FRT,https://www.specifiedby.com/search?q=FRT&type=companies&a=0,https://www.google.co.uk/search?q=FRT companies&type=companies&a=0
EPS Insulation,EPS Insulation,http://quartzproject.org/p/CP120,CP120,https://www.specifiedby.com/search?q=EPS Insulation,https://www.specifiedby.com/search?q=EPS Insulation&type=companies&a=0,https://www.google.co.uk/search?q=EPS Insulation companies&type=companies&a=0
EPS Insulation,EPS,http://quartzproject.org/p/CP120,CP120,https://www.specifiedby.com/search?q=EPS,https://www.specifiedby.com/search?q=EPS&type=companies&a=0,https://www.google.co.uk/search?q=EPS companies&type=companies&a=0
Spray Foam Insulation,Spray Foam Insulation,http://quartzproject.org/p/CP121,CP121,https://www.specifiedby.com/search?q=Spray Foam Insulation,https://www.specifiedby.com/search?q=Spray Foam Insulation&type=companies&a=0,https://www.google.co.uk/search?q=Spray Foam Insulation companies&type=companies&a=0
Spray Foam Insulation,Closed cell polyurethane insulation,http://quartzproject.org/p/CP121,CP121,https://www.specifiedby.com/search?q=Closed cell polyurethane insulation,https://www.specifiedby.com/search?q=Closed cell polyurethane insulation&type=companies&a=0,https://www.google.co.uk/search?q=Closed cell polyurethane insulation companies&type=companies&a=0
Spray Foam Insulation,SPF,http://quartzproject.org/p/CP121,CP121,https://www.specifiedby.com/search?q=SPF,https://www.specifiedby.com/search?q=SPF&type=companies&a=0,https://www.google.co.uk/search?q=SPF companies&type=companies&a=0
Spray Foam Insulation,Polyurethane spray foam insulation,http://quartzproject.org/p/CP121,CP121,https://www.specifiedby.com/search?q=Polyurethane spray foam insulation,https://www.specifiedby.com/search?q=Polyurethane spray foam insulation&type=companies&a=0,https://www.google.co.uk/search?q=Polyurethane spray foam insulation companies&type=companies&a=0
Mineral Fiber Batt Insulation,Mineral Fiber Batt Insulation,http://quartzproject.org/p/CP123,CP123,https://www.specifiedby.com/search?q=Mineral Fiber Batt Insulation,https://www.specifiedby.com/search?q=Mineral Fiber Batt Insulation&type=companies&a=0,https://www.google.co.uk/search?q=Mineral Fiber Batt Insulation companies&type=companies&a=0
Mineral Fiber Batt Insulation,mineral wool,http://quartzproject.org/p/CP123,CP123,https://www.specifiedby.com/search?q=mineral wool,https://www.specifiedby.com/search?q=mineral wool&type=companies&a=0,https://www.google.co.uk/search?q=mineral wool companies&type=companies&a=0
Mineral Fiber Batt Insulation,stone wool,http://quartzproject.org/p/CP123,CP123,https://www.specifiedby.com/search?q=stone wool,https://www.specifiedby.com/search?q=stone wool&type=companies&a=0,https://www.google.co.uk/search?q=stone wool companies&type=companies&a=0
Mineral Fiber Batt Insulation,rock wool,http://quartzproject.org/p/CP123,CP123,https://www.specifiedby.com/search?q=rock wool,https://www.specifiedby.com/search?q=rock wool&type=companies&a=0,https://www.google.co.uk/search?q=rock wool companies&type=companies&a=0
Mineral Fiber Batt Insulation,slag wool,http://quartzproject.org/p/CP123,CP123,https://www.specifiedby.com/search?q=slag wool,https://www.specifiedby.com/search?q=slag wool&type=companies&a=0,https://www.google.co.uk/search?q=slag wool companies&type=companies&a=0
Mineral Fiber Batt Insulation,glass wool,http://quartzproject.org/p/CP123,CP123,https://www.specifiedby.com/search?q=glass wool,https://www.specifiedby.com/search?q=glass wool&type=companies&a=0,https://www.google.co.uk/search?q=glass wool companies&type=companies&a=0
Thermoplastic polyolefin (TPO) membrane roofing,Thermoplastic polyolefin (TPO) membrane roofing,http://quartzproject.org/p/CP124,CP124,https://www.specifiedby.com/search?q=Thermoplastic polyolefin (TPO) membrane roofing,https://www.specifiedby.com/search?q=Thermoplastic polyolefin (TPO) membrane roofing&type=companies&a=0,https://www.google.co.uk/search?q=Thermoplastic polyolefin (TPO) membrane roofing companies&type=companies&a=0
Thermoplastic polyolefin (TPO) membrane roofing,TPO membrane roofing,http://quartzproject.org/p/CP124,CP124,https://www.specifiedby.com/search?q=TPO membrane roofing,https://www.specifiedby.com/search?q=TPO membrane roofing&type=companies&a=0,https://www.google.co.uk/search?q=TPO membrane roofing companies&type=companies&a=0
Polyvinyl chloride membrane roofing,Polyvinyl chloride membrane roofing,http://quartzproject.org/p/CP125,CP125,https://www.specifiedby.com/search?q=Polyvinyl chloride membrane roofing,https://www.specifiedby.com/search?q=Polyvinyl chloride membrane roofing&type=companies&a=0,https://www.google.co.uk/search?q=Polyvinyl chloride membrane roofing companies&type=companies&a=0
Polyvinyl chloride membrane roofing,PVC membrane roofing,http://quartzproject.org/p/CP125,CP125,https://www.specifiedby.com/search?q=PVC membrane roofing,https://www.specifiedby.com/search?q=PVC membrane roofing&type=companies&a=0,https://www.google.co.uk/search?q=PVC membrane roofing companies&type=companies&a=0
Membrane roofing adhesives,Membrane roofing adhesives,http://quartzproject.org/p/CP126,CP126,https://www.specifiedby.com/search?q=Membrane roofing adhesives,https://www.specifiedby.com/search?q=Membrane roofing adhesives&type=companies&a=0,https://www.google.co.uk/search?q=Membrane roofing adhesives companies&type=companies&a=0
Steel Door,Steel Door,http://quartzproject.org/p/CP127,CP127,https://www.specifiedby.com/search?q=Steel Door,https://www.specifiedby.com/search?q=Steel Door&type=companies&a=0,https://www.google.co.uk/search?q=Steel Door companies&type=companies&a=0
Medium Density Fiberboard (MDF),Medium Density Fiberboard (MDF),http://quartzproject.org/p/CP128,CP128,https://www.specifiedby.com/search?q=Medium Density Fiberboard (MDF),https://www.specifiedby.com/search?q=Medium Density Fiberboard (MDF)&type=companies&a=0,https://www.google.co.uk/search?q=Medium Density Fiberboard (MDF) companies&type=companies&a=0
Medium Density Fiberboard (MDF),MDF,http://quartzproject.org/p/CP128,CP128,https://www.specifiedby.com/search?q=MDF,https://www.specifiedby.com/search?q=MDF&type=companies&a=0,https://www.google.co.uk/search?q=MDF companies&type=companies&a=0
Acoustical Ceiling Panels (FGD Gypsum),Acoustical Ceiling Panels (FGD Gypsum),http://quartzproject.org/p/CP129,CP129,https://www.specifiedby.com/search?q=Acoustical Ceiling Panels (FGD Gypsum),https://www.specifiedby.com/search?q=Acoustical Ceiling Panels (FGD Gypsum)&type=companies&a=0,https://www.google.co.uk/search?q=Acoustical Ceiling Panels (FGD Gypsum) companies&type=companies&a=0
Acoustical Ceiling Panels (Natural Gypsum),Acoustical Ceiling Panels (Natural Gypsum),http://quartzproject.org/p/CP130,CP130,https://www.specifiedby.com/search?q=Acoustical Ceiling Panels (Natural Gypsum),https://www.specifiedby.com/search?q=Acoustical Ceiling Panels (Natural Gypsum)&type=companies&a=0,https://www.google.co.uk/search?q=Acoustical Ceiling Panels (Natural Gypsum) companies&type=companies&a=0
Acoustical Ceiling Panels (mineral fiber),Acoustical Ceiling Panels (mineral fiber),http://quartzproject.org/p/CP131,CP131,https://www.specifiedby.com/search?q=Acoustical Ceiling Panels (mineral fiber),https://www.specifiedby.com/search?q=Acoustical Ceiling Panels (mineral fiber)&type=companies&a=0,https://www.google.co.uk/search?q=Acoustical Ceiling Panels (mineral fiber) companies&type=companies&a=0
PVDF-Coated Aluminum Curtainwall Extrusion,PVDF-Coated Aluminum Curtainwall Extrusion,http://quartzproject.org/p/CP132,CP132,https://www.specifiedby.com/search?q=PVDF-Coated Aluminum Curtainwall Extrusion,https://www.specifiedby.com/search?q=PVDF-Coated Aluminum Curtainwall Extrusion&type=companies&a=0,https://www.google.co.uk/search?q=PVDF-Coated Aluminum Curtainwall Extrusion companies&type=companies&a=0
PVDF-Coated Aluminum Curtainwall Extrusion,Curtainwall Aluminum,http://quartzproject.org/p/CP132,CP132,https://www.specifiedby.com/search?q=Curtainwall Aluminum,https://www.specifiedby.com/search?q=Curtainwall Aluminum&type=companies&a=0,https://www.google.co.uk/search?q=Curtainwall Aluminum companies&type=companies&a=0
High performance coating (epoxy),High performance coating (epoxy),http://quartzproject.org/p/CP133,CP133,https://www.specifiedby.com/search?q=High performance coating (epoxy),https://www.specifiedby.com/search?q=High performance coating (epoxy)&type=companies&a=0,https://www.google.co.uk/search?q=High performance coating (epoxy) companies&type=companies&a=0
High Performance Coatings (Acrylic),High Performance Coatings (Acrylic),http://quartzproject.org/p/CP134,CP134,https://www.specifiedby.com/search?q=High Performance Coatings (Acrylic),https://www.specifiedby.com/search?q=High Performance Coatings (Acrylic)&type=companies&a=0,https://www.google.co.uk/search?q=High Performance Coatings (Acrylic) companies&type=companies&a=0
High Performance Coatings (Acrylic),High performance water-borne acrylic coating,http://quartzproject.org/p/CP134,CP134,https://www.specifiedby.com/search?q=High performance water-borne acrylic coating,https://www.specifiedby.com/search?q=High performance water-borne acrylic coating&type=companies&a=0,https://www.google.co.uk/search?q=High performance water-borne acrylic coating companies&type=companies&a=0
High Performance Coatings (Acrylic),latex acrylic high performance coatings,http://quartzproject.org/p/CP134,CP134,https://www.specifiedby.com/search?q=latex acrylic high performance coatings,https://www.specifiedby.com/search?q=latex acrylic high performance coatings&type=companies&a=0,https://www.google.co.uk/search?q=latex acrylic high performance coatings companies&type=companies&a=0
Acrylic Flooring Adhesive,Acrylic Flooring Adhesive,http://quartzproject.org/p/CP146,CP146,https://www.specifiedby.com/search?q=Acrylic Flooring Adhesive,https://www.specifiedby.com/search?q=Acrylic Flooring Adhesive&type=companies&a=0,https://www.google.co.uk/search?q=Acrylic Flooring Adhesive companies&type=companies&a=0
Epoxy flooring adhesive,Epoxy flooring adhesive,http://quartzproject.org/p/CP147,CP147,https://www.specifiedby.com/search?q=Epoxy flooring adhesive,https://www.specifiedby.com/search?q=Epoxy flooring adhesive&type=companies&a=0,https://www.google.co.uk/search?q=Epoxy flooring adhesive companies&type=companies&a=0
Epoxy flooring adhesive,Two-part epoxy flooring adhesive,http://quartzproject.org/p/CP147,CP147,https://www.specifiedby.com/search?q=Two-part epoxy flooring adhesive,https://www.specifiedby.com/search?q=Two-part epoxy flooring adhesive&type=companies&a=0,https://www.google.co.uk/search?q=Two-part epoxy flooring adhesive companies&type=companies&a=0
Polyurethane flooring adhesive,Polyurethane flooring adhesive,http://quartzproject.org/p/CP148,CP148,https://www.specifiedby.com/search?q=Polyurethane flooring adhesive,https://www.specifiedby.com/search?q=Polyurethane flooring adhesive&type=companies&a=0,https://www.google.co.uk/search?q=Polyurethane flooring adhesive companies&type=companies&a=0
Polyurethane flooring adhesive,moisture-cure polyurethane flooring adhesive,http://quartzproject.org/p/CP148,CP148,https://www.specifiedby.com/search?q=moisture-cure polyurethane flooring adhesive,https://www.specifiedby.com/search?q=moisture-cure polyurethane flooring adhesive&type=companies&a=0,https://www.google.co.uk/search?q=moisture-cure polyurethane flooring adhesive companies&type=companies&a=0
Polyurethane flooring adhesive,one-component polyurethane flooring adhesive,http://quartzproject.org/p/CP148,CP148,https://www.specifiedby.com/search?q=one-component polyurethane flooring adhesive,https://www.specifiedby.com/search?q=one-component polyurethane flooring adhesive&type=companies&a=0,https://www.google.co.uk/search?q=one-component polyurethane flooring adhesive companies&type=companies&a=0
Polyurethane flooring adhesive,all-in-one urethane adhesive,http://quartzproject.org/p/CP148,CP148,https://www.specifiedby.com/search?q=all-in-one urethane adhesive,https://www.specifiedby.com/search?q=all-in-one urethane adhesive&type=companies&a=0,https://www.google.co.uk/search?q=all-in-one urethane adhesive companies&type=companies&a=0
Linoleum Flooring,Linoleum Flooring,http://quartzproject.org/p/CP149,CP149,https://www.specifiedby.com/search?q=Linoleum Flooring,https://www.specifiedby.com/search?q=Linoleum Flooring&type=companies&a=0,https://www.google.co.uk/search?q=Linoleum Flooring companies&type=companies&a=0
Linoleum Flooring,Resilient flooring,http://quartzproject.org/p/CP149,CP149,https://www.specifiedby.com/search?q=Resilient flooring,https://www.specifiedby.com/search?q=Resilient flooring&type=companies&a=0,https://www.google.co.uk/search?q=Resilient flooring companies&type=companies&a=0
Linoleum Flooring,lino,http://quartzproject.org/p/CP149,CP149,https://www.specifiedby.com/search?q=lino,https://www.specifiedby.com/search?q=lino&type=companies&a=0,https://www.google.co.uk/search?q=lino companies&type=companies&a=0
Vinyl Composition Tile,Vinyl Composition Tile,http://quartzproject.org/p/CP150,CP150,https://www.specifiedby.com/search?q=Vinyl Composition Tile,https://www.specifiedby.com/search?q=Vinyl Composition Tile&type=companies&a=0,https://www.google.co.uk/search?q=Vinyl Composition Tile companies&type=companies&a=0
Vinyl Composition Tile,"VCT,Vinyl Tile",http://quartzproject.org/p/CP150,CP150,"https://www.specifiedby.com/search?q=VCT,Vinyl Tile","https://www.specifiedby.com/search?q=VCT,Vinyl Tile&type=companies&a=0","https://www.google.co.uk/search?q=VCT,Vinyl Tile companies&type=companies&a=0"
Fluid-Applied Flooring,Fluid-Applied Flooring,http://quartzproject.org/p/CP151,CP151,https://www.specifiedby.com/search?q=Fluid-Applied Flooring,https://www.specifiedby.com/search?q=Fluid-Applied Flooring&type=companies&a=0,https://www.google.co.uk/search?q=Fluid-Applied Flooring companies&type=companies&a=0
Fluid-Applied Flooring,Poured-in-place flooring,http://quartzproject.org/p/CP151,CP151,https://www.specifiedby.com/search?q=Poured-in-place flooring,https://www.specifiedby.com/search?q=Poured-in-place flooring&type=companies&a=0,https://www.google.co.uk/search?q=Poured-in-place flooring companies&type=companies&a=0
Fluid-Applied Flooring,Epoxy flooring system,http://quartzproject.org/p/CP151,CP151,https://www.specifiedby.com/search?q=Epoxy flooring system,https://www.specifiedby.com/search?q=Epoxy flooring system&type=companies&a=0,https://www.google.co.uk/search?q=Epoxy flooring system companies&type=companies&a=0
Fluid-Applied Flooring,Self-levelling flooring,http://quartzproject.org/p/CP151,CP151,https://www.specifiedby.com/search?q=Self-levelling flooring,https://www.specifiedby.com/search?q=Self-levelling flooring&type=companies&a=0,https://www.google.co.uk/search?q=Self-levelling flooring companies&type=companies&a=0
Carpet,Carpet,http://quartzproject.org/p/CP152,CP152,https://www.specifiedby.com/search?q=Carpet,https://www.specifiedby.com/search?q=Carpet&type=companies&a=0,https://www.google.co.uk/search?q=Carpet companies&type=companies&a=0
Carpet,Carpet w/ Nylon 6 fiber,http://quartzproject.org/p/CP152,CP152,https://www.specifiedby.com/search?q=Carpet w/ Nylon 6 fiber,https://www.specifiedby.com/search?q=Carpet w/ Nylon 6 fiber&type=companies&a=0,https://www.google.co.uk/search?q=Carpet w/ Nylon 6 fiber companies&type=companies&a=0
Carpet,Polyolefin backing,http://quartzproject.org/p/CP152,CP152,https://www.specifiedby.com/search?q=Polyolefin backing,https://www.specifiedby.com/search?q=Polyolefin backing&type=companies&a=0,https://www.google.co.uk/search?q=Polyolefin backing companies&type=companies&a=0
Carpet,and Limestone Filler,http://quartzproject.org/p/CP152,CP152,https://www.specifiedby.com/search?q=and Limestone Filler,https://www.specifiedby.com/search?q=and Limestone Filler&type=companies&a=0,https://www.google.co.uk/search?q=and Limestone Filler companies&type=companies&a=0
Hardwood (prefinished),Hardwood (prefinished),http://quartzproject.org/p/CP155,CP155,https://www.specifiedby.com/search?q=Hardwood (prefinished),https://www.specifiedby.com/search?q=Hardwood (prefinished)&type=companies&a=0,https://www.google.co.uk/search?q=Hardwood (prefinished) companies&type=companies&a=0
Hardwood (prefinished),Solid Hardwood Flooring,http://quartzproject.org/p/CP155,CP155,https://www.specifiedby.com/search?q=Solid Hardwood Flooring,https://www.specifiedby.com/search?q=Solid Hardwood Flooring&type=companies&a=0,https://www.google.co.uk/search?q=Solid Hardwood Flooring companies&type=companies&a=0
Bamboo (engineered),Bamboo (engineered),http://quartzproject.org/p/CP156,CP156,https://www.specifiedby.com/search?q=Bamboo (engineered),https://www.specifiedby.com/search?q=Bamboo (engineered)&type=companies&a=0,https://www.google.co.uk/search?q=Bamboo (engineered) companies&type=companies&a=0
Cross Laminated Timber (CLT) (Engineered wood),Cross Laminated Timber (CLT) (Engineered wood),http://quartzproject.org/p/CP157,CP157,https://www.specifiedby.com/search?q=Cross Laminated Timber (CLT) (Engineered wood),https://www.specifiedby.com/search?q=Cross Laminated Timber (CLT) (Engineered wood)&type=companies&a=0,https://www.google.co.uk/search?q=Cross Laminated Timber (CLT) (Engineered wood) companies&type=companies&a=0
PP Water Pipe,PP Water Pipe,http://quartzproject.org/p/CP158,CP158,https://www.specifiedby.com/search?q=PP Water Pipe,https://www.specifiedby.com/search?q=PP Water Pipe&type=companies&a=0,https://www.google.co.uk/search?q=PP Water Pipe companies&type=companies&a=0
PP Water Pipe,PP Pressure Pipes,http://quartzproject.org/p/CP158,CP158,https://www.specifiedby.com/search?q=PP Pressure Pipes,https://www.specifiedby.com/search?q=PP Pressure Pipes&type=companies&a=0,https://www.google.co.uk/search?q=PP Pressure Pipes companies&type=companies&a=0
PP Water Pipe,PP-R Pipe,http://quartzproject.org/p/CP158,CP158,https://www.specifiedby.com/search?q=PP-R Pipe,https://www.specifiedby.com/search?q=PP-R Pipe&type=companies&a=0,https://www.google.co.uk/search?q=PP-R Pipe companies&type=companies&a=0
PEX Water Pipe,PEX Water Pipe,http://quartzproject.org/p/CP159,CP159,https://www.specifiedby.com/search?q=PEX Water Pipe,https://www.specifiedby.com/search?q=PEX Water Pipe&type=companies&a=0,https://www.google.co.uk/search?q=PEX Water Pipe companies&type=companies&a=0
PEX Water Pipe,PEX pipe,http://quartzproject.org/p/CP159,CP159,https://www.specifiedby.com/search?q=PEX pipe,https://www.specifiedby.com/search?q=PEX pipe&type=companies&a=0,https://www.google.co.uk/search?q=PEX pipe companies&type=companies&a=0
PEX Water Pipe,PEX tube,http://quartzproject.org/p/CP159,CP159,https://www.specifiedby.com/search?q=PEX tube,https://www.specifiedby.com/search?q=PEX tube&type=companies&a=0,https://www.google.co.uk/search?q=PEX tube companies&type=companies&a=0
PEX Water Pipe,PEX piping,http://quartzproject.org/p/CP159,CP159,https://www.specifiedby.com/search?q=PEX piping,https://www.specifiedby.com/search?q=PEX piping&type=companies&a=0,https://www.google.co.uk/search?q=PEX piping companies&type=companies&a=0
PEX Water Pipe,PEX tubing,http://quartzproject.org/p/CP159,CP159,https://www.specifiedby.com/search?q=PEX tubing,https://www.specifiedby.com/search?q=PEX tubing&type=companies&a=0,https://www.google.co.uk/search?q=PEX tubing companies&type=companies&a=0
Pipe Insulation,Pipe Insulation,http://quartzproject.org/p/CP160,CP160,https://www.specifiedby.com/search?q=Pipe Insulation,https://www.specifiedby.com/search?q=Pipe Insulation&type=companies&a=0,https://www.google.co.uk/search?q=Pipe Insulation companies&type=companies&a=0
Pipe Insulation,Polyethylene pipe insulation,http://quartzproject.org/p/CP160,CP160,https://www.specifiedby.com/search?q=Polyethylene pipe insulation,https://www.specifiedby.com/search?q=Polyethylene pipe insulation&type=companies&a=0,https://www.google.co.uk/search?q=Polyethylene pipe insulation companies&type=companies&a=0
Pipe Insulation,Polyolefin pipe insulation ,http://quartzproject.org/p/CP160,CP160,https://www.specifiedby.com/search?q=Polyolefin pipe insulation ,https://www.specifiedby.com/search?q=Polyolefin pipe insulation &type=companies&a=0,https://www.google.co.uk/search?q=Polyolefin pipe insulation  companies&type=companies&a=0
Pipe Insulation Adhesives,Pipe Insulation Adhesives,http://quartzproject.org/p/CP161,CP161,https://www.specifiedby.com/search?q=Pipe Insulation Adhesives,https://www.specifiedby.com/search?q=Pipe Insulation Adhesives&type=companies&a=0,https://www.google.co.uk/search?q=Pipe Insulation Adhesives companies&type=companies&a=0
Ready Mixed Concrete (LWC 3000-4000psi),Ready Mixed Concrete (LWC 3000-4000psi),http://quartzproject.org/p/CP168,CP168,https://www.specifiedby.com/search?q=Ready Mixed Concrete (LWC 3000-4000psi),https://www.specifiedby.com/search?q=Ready Mixed Concrete (LWC 3000-4000psi)&type=companies&a=0,https://www.google.co.uk/search?q=Ready Mixed Concrete (LWC 3000-4000psi) companies&type=companies&a=0
Ready Mixed Concrete (LWC 3000-4000psi),Lightweight concrete,http://quartzproject.org/p/CP168,CP168,https://www.specifiedby.com/search?q=Lightweight concrete,https://www.specifiedby.com/search?q=Lightweight concrete&type=companies&a=0,https://www.google.co.uk/search?q=Lightweight concrete companies&type=companies&a=0
"Ready Mix Concrete (BF Slag) (3,000 - 4,000 psi)","Ready Mix Concrete (BF Slag) (3,000 - 4,000 psi)",http://quartzproject.org/p/CP169,CP169,"https://www.specifiedby.com/search?q=Ready Mix Concrete (BF Slag) (3,000 - 4,000 psi)","https://www.specifiedby.com/search?q=Ready Mix Concrete (BF Slag) (3,000 - 4,000 psi)&type=companies&a=0","https://www.google.co.uk/search?q=Ready Mix Concrete (BF Slag) (3,000 - 4,000 psi) companies&type=companies&a=0"
"Ready Mix Concrete (BF Slag) (3,000 - 4,000 psi)",Concrete,http://quartzproject.org/p/CP169,CP169,https://www.specifiedby.com/search?q=Concrete,https://www.specifiedby.com/search?q=Concrete&type=companies&a=0,https://www.google.co.uk/search?q=Concrete companies&type=companies&a=0
"Ready Mix Concrete (BF Slag) (3,000 - 4,000 psi)",NWC,http://quartzproject.org/p/CP169,CP169,https://www.specifiedby.com/search?q=NWC,https://www.specifiedby.com/search?q=NWC&type=companies&a=0,https://www.google.co.uk/search?q=NWC companies&type=companies&a=0
"Ready Mix Concrete (BF Slag) (3,000 - 4,000 psi)",Ready Mixed Concrete,http://quartzproject.org/p/CP169,CP169,https://www.specifiedby.com/search?q=Ready Mixed Concrete,https://www.specifiedby.com/search?q=Ready Mixed Concrete&type=companies&a=0,https://www.google.co.uk/search?q=Ready Mixed Concrete companies&type=companies&a=0
"Ready Mix Concrete (Fly Ash) (3,000 - 4,000 psi)","Ready Mix Concrete (Fly Ash) (3,000 - 4,000 psi)",http://quartzproject.org/p/CP170,CP170,"https://www.specifiedby.com/search?q=Ready Mix Concrete (Fly Ash) (3,000 - 4,000 psi)","https://www.specifiedby.com/search?q=Ready Mix Concrete (Fly Ash) (3,000 - 4,000 psi)&type=companies&a=0","https://www.google.co.uk/search?q=Ready Mix Concrete (Fly Ash) (3,000 - 4,000 psi) companies&type=companies&a=0"
"Ready Mix Concrete (Fly Ash) (3,000 - 4,000 psi)",Concrete,http://quartzproject.org/p/CP170,CP170,https://www.specifiedby.com/search?q=Concrete,https://www.specifiedby.com/search?q=Concrete&type=companies&a=0,https://www.google.co.uk/search?q=Concrete companies&type=companies&a=0
"Ready Mix Concrete (Fly Ash) (3,000 - 4,000 psi)",NWC,http://quartzproject.org/p/CP170,CP170,https://www.specifiedby.com/search?q=NWC,https://www.specifiedby.com/search?q=NWC&type=companies&a=0,https://www.google.co.uk/search?q=NWC companies&type=companies&a=0
"Ready Mix Concrete (Fly Ash) (3,000 - 4,000 psi)",Ready Mixed Concrete,http://quartzproject.org/p/CP170,CP170,https://www.specifiedby.com/search?q=Ready Mixed Concrete,https://www.specifiedby.com/search?q=Ready Mixed Concrete&type=companies&a=0,https://www.google.co.uk/search?q=Ready Mixed Concrete companies&type=companies&a=0
Glulam,Glulam,http://quartzproject.org/p/CP171,CP171,https://www.specifiedby.com/search?q=Glulam,https://www.specifiedby.com/search?q=Glulam&type=companies&a=0,https://www.google.co.uk/search?q=Glulam companies&type=companies&a=0
Glulam,Glue Laminated Lumber,http://quartzproject.org/p/CP171,CP171,https://www.specifiedby.com/search?q=Glue Laminated Lumber,https://www.specifiedby.com/search?q=Glue Laminated Lumber&type=companies&a=0,https://www.google.co.uk/search?q=Glue Laminated Lumber companies&type=companies&a=0
Glulam,Glue Laminated Timber,http://quartzproject.org/p/CP171,CP171,https://www.specifiedby.com/search?q=Glue Laminated Timber,https://www.specifiedby.com/search?q=Glue Laminated Timber&type=companies&a=0,https://www.google.co.uk/search?q=Glue Laminated Timber companies&type=companies&a=0
Glass Fiber Reinforced Polymer Decking,Glass Fiber Reinforced Polymer Decking,http://quartzproject.org/p/CP172,CP172,https://www.specifiedby.com/search?q=Glass Fiber Reinforced Polymer Decking,https://www.specifiedby.com/search?q=Glass Fiber Reinforced Polymer Decking&type=companies&a=0,https://www.google.co.uk/search?q=Glass Fiber Reinforced Polymer Decking companies&type=companies&a=0
Glass Fiber Reinforced Polymer Decking,"Fiberglass reinforced plastic decking,Fiberglass reinforced polyester decking,Glass fiber reinforced polyester decking",http://quartzproject.org/p/CP172,CP172,"https://www.specifiedby.com/search?q=Fiberglass reinforced plastic decking,Fiberglass reinforced polyester decking,Glass fiber reinforced polyester decking","https://www.specifiedby.com/search?q=Fiberglass reinforced plastic decking,Fiberglass reinforced polyester decking,Glass fiber reinforced polyester decking&type=companies&a=0","https://www.google.co.uk/search?q=Fiberglass reinforced plastic decking,Fiberglass reinforced polyester decking,Glass fiber reinforced polyester decking companies&type=companies&a=0"
Polycarbonate Cladding,Polycarbonate Cladding,http://quartzproject.org/p/CP173,CP173,https://www.specifiedby.com/search?q=Polycarbonate Cladding,https://www.specifiedby.com/search?q=Polycarbonate Cladding&type=companies&a=0,https://www.google.co.uk/search?q=Polycarbonate Cladding companies&type=companies&a=0
Polycarbonate Cladding,Multi-wall polycarbonate,http://quartzproject.org/p/CP173,CP173,https://www.specifiedby.com/search?q=Multi-wall polycarbonate,https://www.specifiedby.com/search?q=Multi-wall polycarbonate&type=companies&a=0,https://www.google.co.uk/search?q=Multi-wall polycarbonate companies&type=companies&a=0
Structural Steel Cables,Structural Steel Cables,http://quartzproject.org/p/CP174,CP174,https://www.specifiedby.com/search?q=Structural Steel Cables,https://www.specifiedby.com/search?q=Structural Steel Cables&type=companies&a=0,https://www.google.co.uk/search?q=Structural Steel Cables companies&type=companies&a=0
Structural Steel Cables,Wire rope,http://quartzproject.org/p/CP174,CP174,https://www.specifiedby.com/search?q=Wire rope,https://www.specifiedby.com/search?q=Wire rope&type=companies&a=0,https://www.google.co.uk/search?q=Wire rope companies&type=companies&a=0
Structural Steel Cables,full locked coil strands,http://quartzproject.org/p/CP174,CP174,https://www.specifiedby.com/search?q=full locked coil strands,https://www.specifiedby.com/search?q=full locked coil strands&type=companies&a=0,https://www.google.co.uk/search?q=full locked coil strands companies&type=companies&a=0
Structural Steel Cables,full locked strands,http://quartzproject.org/p/CP174,CP174,https://www.specifiedby.com/search?q=full locked strands,https://www.specifiedby.com/search?q=full locked strands&type=companies&a=0,https://www.google.co.uk/search?q=full locked strands companies&type=companies&a=0
Structural Steel Cables,structural strand,http://quartzproject.org/p/CP174,CP174,https://www.specifiedby.com/search?q=structural strand,https://www.specifiedby.com/search?q=structural strand&type=companies&a=0,https://www.google.co.uk/search?q=structural strand companies&type=companies&a=0
Cast Iron Pipes,Cast Iron Pipes,http://quartzproject.org/p/CP175,CP175,https://www.specifiedby.com/search?q=Cast Iron Pipes,https://www.specifiedby.com/search?q=Cast Iron Pipes&type=companies&a=0,https://www.google.co.uk/search?q=Cast Iron Pipes companies&type=companies&a=0
Cast Iron Pipes,Ductile Iron Pipe,http://quartzproject.org/p/CP175,CP175,https://www.specifiedby.com/search?q=Ductile Iron Pipe,https://www.specifiedby.com/search?q=Ductile Iron Pipe&type=companies&a=0,https://www.google.co.uk/search?q=Ductile Iron Pipe companies&type=companies&a=0
Glass Fiber Reinforced Polymer Water Storage Tank,Glass Fiber Reinforced Polymer Water Storage Tank,http://quartzproject.org/p/CP176,CP176,https://www.specifiedby.com/search?q=Glass Fiber Reinforced Polymer Water Storage Tank,https://www.specifiedby.com/search?q=Glass Fiber Reinforced Polymer Water Storage Tank&type=companies&a=0,https://www.google.co.uk/search?q=Glass Fiber Reinforced Polymer Water Storage Tank companies&type=companies&a=0
Glass Fiber Reinforced Polymer Water Storage Tank,Fiberglass Reinforced Polymer (FRP) Water Storage Tank,http://quartzproject.org/p/CP176,CP176,https://www.specifiedby.com/search?q=Fiberglass Reinforced Polymer (FRP) Water Storage Tank,https://www.specifiedby.com/search?q=Fiberglass Reinforced Polymer (FRP) Water Storage Tank&type=companies&a=0,https://www.google.co.uk/search?q=Fiberglass Reinforced Polymer (FRP) Water Storage Tank companies&type=companies&a=0
Glass Fiber Reinforced Polymer Water Storage Tank,Fiberglass Water Storage Tank,http://quartzproject.org/p/CP176,CP176,https://www.specifiedby.com/search?q=Fiberglass Water Storage Tank,https://www.specifiedby.com/search?q=Fiberglass Water Storage Tank&type=companies&a=0,https://www.google.co.uk/search?q=Fiberglass Water Storage Tank companies&type=companies&a=0
Gypsum Spray Fireproofing,Gypsum Spray Fireproofing,http://quartzproject.org/p/CP177,CP177,https://www.specifiedby.com/search?q=Gypsum Spray Fireproofing,https://www.specifiedby.com/search?q=Gypsum Spray Fireproofing&type=companies&a=0,https://www.google.co.uk/search?q=Gypsum Spray Fireproofing companies&type=companies&a=0
Gypsum Spray Fireproofing,Wet mix spray-applied fire resistive material (SFRM),http://quartzproject.org/p/CP177,CP177,https://www.specifiedby.com/search?q=Wet mix spray-applied fire resistive material (SFRM),https://www.specifiedby.com/search?q=Wet mix spray-applied fire resistive material (SFRM)&type=companies&a=0,https://www.google.co.uk/search?q=Wet mix spray-applied fire resistive material (SFRM) companies&type=companies&a=0
Gypsum Spray Fireproofing,cementitious fireproofing,http://quartzproject.org/p/CP177,CP177,https://www.specifiedby.com/search?q=cementitious fireproofing,https://www.specifiedby.com/search?q=cementitious fireproofing&type=companies&a=0,https://www.google.co.uk/search?q=cementitious fireproofing companies&type=companies&a=0
Laminated Glass,Laminated Glass,http://quartzproject.org/p/CP178,CP178,https://www.specifiedby.com/search?q=Laminated Glass,https://www.specifiedby.com/search?q=Laminated Glass&type=companies&a=0,https://www.google.co.uk/search?q=Laminated Glass companies&type=companies&a=0
Fiberglass Board Insulation,Fiberglass Board Insulation,http://quartzproject.org/p/CP179,CP179,https://www.specifiedby.com/search?q=Fiberglass Board Insulation,https://www.specifiedby.com/search?q=Fiberglass Board Insulation&type=companies&a=0,https://www.google.co.uk/search?q=Fiberglass Board Insulation companies&type=companies&a=0
Fiberglass Board Insulation,HVAC liner board,http://quartzproject.org/p/CP179,CP179,https://www.specifiedby.com/search?q=HVAC liner board,https://www.specifiedby.com/search?q=HVAC liner board&type=companies&a=0,https://www.google.co.uk/search?q=HVAC liner board companies&type=companies&a=0
Fiberglass Board Insulation,duct insulation,http://quartzproject.org/p/CP179,CP179,https://www.specifiedby.com/search?q=duct insulation,https://www.specifiedby.com/search?q=duct insulation&type=companies&a=0,https://www.google.co.uk/search?q=duct insulation companies&type=companies&a=0
PMMA Countertop,PMMA Countertop,http://quartzproject.org/p/CP180,CP180,https://www.specifiedby.com/search?q=PMMA Countertop,https://www.specifiedby.com/search?q=PMMA Countertop&type=companies&a=0,https://www.google.co.uk/search?q=PMMA Countertop companies&type=companies&a=0
PMMA Countertop,Solid surface countertop,http://quartzproject.org/p/CP180,CP180,https://www.specifiedby.com/search?q=Solid surface countertop,https://www.specifiedby.com/search?q=Solid surface countertop&type=companies&a=0,https://www.google.co.uk/search?q=Solid surface countertop companies&type=companies&a=0
